"Reference","Qty","Value","DNP","Exclude from BOM","Exclude from Board","Footprint","Datasheet","Manufacturer","Manufacturer Part Number","Price","Description","#","Vendor Link","Vendor","Vendor Part Number"
"C1,C3,C13,C16","4","1u_16V_0603","","","","Capacitor_SMD:C_0603_1608Metric","https://www.yageogroup.com/content/datasheet/asset/file/KEM_C1002_X7R_SMD","KEMET","C0603C105K4RACTU","","1 µF ±10% 16V Ceramic Capacitor X7R 0603 (1608 Metric)","1","https://www.digikey.in/en/products/detail/kemet/C0603C105K4RACTU/2199788","Digikey","399-C0603C105K4RACTUCT-ND"
"C2,C4,C5,C6,C7,C8,C9,C10,C11,C12,C14,C15,C17,C18,C19","15","100n_16V_0603","","","","Capacitor_SMD:C_0603_1608Metric","https://www.yageo.com/en/Chart/Download/pdf/CC0603KRX7R7BB104","YAGEO","CC0603KRX7R7BB104","","0.1 µF ±10% 16V Ceramic Capacitor X7R 0603 (1608 Metric)","2","https://www.digikey.in/en/products/detail/yageo/CC0603KRX7R7BB104/302822","Digikey","311-1088-1-ND"
"CR1","1","SS14","","","","Footprint_Project_PC_Interface:SS14_CR_SMA_403AE_OSI-M","https://www.onsemi.com/pdf/datasheet/ss19-d.pdf","Onsemi","SS14","","Diode 40 V 1A Surface Mount DO-214AC (SMA)","3","https://www.digikey.in/en/products/detail/onsemi/SS14/965474","Digikey","SS14CT-ND"
"F1","1","C1Q 1.5","","","","Footprint:C1_BEL-M","https://www.digikey.in/en/products/detail/bel-fuse-inc/C1Q-1-5/615158","Bel Fuse","C1Q 1.5","","1.5 A 125 V 63 V Fuse Board Mount (Cartridge Style Excluded) Surface Mount 1206 (3216 Metric)","4","https://www.digikey.in/en/products/detail/bel-fuse-inc/C1Q-1-5/615158","Digikey","https://www.belfuse.com/media/datasheets/products/circuit-protection/ds-cp-c1q-series.pdf"
"FL1","1","BLM18PG600SN1D","","","","Footprint:BEAD_BLM18PG_C1608X95N","https://www.murata.com/en-us/products/productdata/8796738650142/ENFA0003.pdf","Murata","BLM18PG600SN1D","","60 Ohms @ 100 MHz 1 Power Line Ferrite Bead 0603 (1608 Metric) 500mA 100mOhm","5","https://www.digikey.in/en/products/detail/murata-electronics/BLM18PG600SN1D/584247?s=N4IgTCBcDaIEIBkCyBGAHABQOIDYAMeAygHIoAiIAugL5A","Digikey","490-1036-1-ND"
"J1","1","GSB1C41110SSHR","","","","Footprint:AMPHENOL_GSB1C41110SSHR","https://cdn.amphenol-cs.com/media/wysiwyg/files/documentation/datasheet/inputoutput/io_usb_2_0_type_c_lite.pdf","Amphenol","GSB1C41110SSHR","","USB-C (USB TYPE-C) USB 2.0 Receptacle Connector 24 (16+8 Dummy) Position Surface Mount, Right Angle; Through Hole","6","https://www.digikey.in/en/products/detail/amphenol-cs-commercial-products/GSB1C41110SSHR/21623839","Digikey","664-GSB1C41110SSHRCT-ND"
"J2","1","DM3BT-DSF-PEJS","","","","Footprint_Project_PC_Interface:HRS_DM3BT-DSF-PEJS","https://www.hirose.com/product/download/?distributor=digikey&type=specSheet&lang=en&num=DM3BT-DSF-PEJShttps://www.hirose.com/product/download/?distributor=digikey&type=specSheet&lang=en&num=DM3BT-DSF-PEJS","Hirose","DM3BT-DSF-PEJS","","10 (8 + 2) Position Card Connector Secure Digital - microSD™ Surface Mount, Right Angle Gold","7","https://www.digikey.in/en/products/detail/hirose-electric-co-ltd/DM3BT-DSF-PEJS/1982749?s=N4IgTCBcDaICIFkDMAhAKgWjgZQGIYAUBRAKWxAF0BfIA","Digikey","HR1942TR-ND"
"J3","1","BM11B-GHS-TBT","","","","Footprint_Project_PC_Interface:CONN11_BM11B-GHS-TBTLFSNN_JST","~","JST Sales America Inc.","BM11B-GHS-TBT","","Generic connector, single row, 01x11, script generated","8","https://www.digikey.in/en/products/detail/jst-sales-america-inc/BM11B-GHS-TBT/807809","Digikey","455-BM11B-GHS-TBTCT-ND"
"J4,J5","2","GHR-11V-S","DNP","","Excluded from board","","https://www.jst-mfg.com/product/pdf/eng/eGH.pdf","JST Sales America Inc.","GHR-11V-S","","11 Rectangular Connectors - Housings Receptacle Natural 0.049"" (1.25mm)","9","https://www.digikey.in/en/products/detail/jst-sales-america-inc/GHR-11V-S/807823","Digikey","455-1601-ND"
"LED1,LED2,LED3,LED4,LED5","5","LED_Cree_JE2835","","","","Footprint:LED_JE2835_CRW-M","https://downloads.cree-led.com/files/ds/j/JSeries-2835-Color.pdf","Cree LED","JE2835ARY-N-0002A0000-N0000001","","LED Lighting Color J Blue 455nm (450nm ~ 460nm) 1411 (3528 Metric)","10","https://www.digikey.in/en/products/detail/cree-led/JE2835ARY-N-0002A0000-N0000001/16671678","Digikey","2138-JE2835ARY-N-0002A0000-N0000001CT-ND"
"MD1","1","WaveShare 3.5"" RPi LCD (G)","DNP","","Excluded from board","","https://www.waveshare.com/wiki/3.5inch_RPi_LCD_(G)","Waveshare","30897","","3.5inch Resistive Touch Display (G) for Raspberry Pi, IPS Panel, 320×480 Resolution, Immersion Gold Process, 262K Color","11","https://www.waveshare.com/3.5inch-rpi-lcd-g.htm","WaveShare","30897"
"MK1","1","OEDNI-75-4-7","DNP","","Excluded from board","","https://static1.squarespace.com/static/54efb6f4e4b0d7862a93d7f5/t/57b3baa8cd0f68856d468c76/1471396521494/OED_PNB_fv3_v.png","Kilo International","OEDNI-75-4-7","","Knurled, Diamond Knob 0.236"" (6.00mm) Shaft with Metal Black Matte","12","https://www.digikey.in/en/products/detail/kilo-international/OEDNI-75-4-7/5970347?s=N4IgTCBcDaIPIFEAiA5AkgWgOwFYMBZsQBdAXyA","Digikey","226-4191-ND"
"MT1","1","ACZ11BR1E-15KQA1-12C","","","","Footprint:XDCR_ACZ11BR1E-15KQA1-12C","https://www.cuidevices.com/product/resource/acz11.pdf","Same Sky (Formerly CUI Devices)","ACZ11BR1E-15KQA1-12C","","Rotary Encoder Incremental 12 Quadrature (Incremental) Right Angle","13","https://www.digikey.in/en/products/detail/same-sky-formerly-cui-devices/ACZ11BR1E-15KQA1-12C/1923334","Digikey","102-1739-ND"
"R1,R2,R3,R4,R5,R10,R11,R12,R13,R14,R15,R16,R18,R20,R21,R24,R25,R28,R29,R31,R32,R33","22","10k_0.2W_0603","","","","Resistor_SMD:R_0603_1608Metric","https://industrial.panasonic.com/cdbs/www-data/pdf/RDM0000/AOA0000C328.pdf","Panasonic Electronic Components","ERJ-PB3B1002V","","10 kOhms ±0.1% 0.2W, 1/5W Chip Resistor 0603 (1608 Metric) Automotive AEC-Q200 Thick Film","14","https://www.digikey.in/en/products/detail/panasonic-electronic-components/ERJ-PB3B1002V/6212869","Digikey","P20086CT-ND"
"R6,R7","2","5.1k_0.2W_0603","","","","Resistor_SMD:R_0603_1608Metric","https://industrial.panasonic.com/cdbs/www-data/pdf/RDM0000/AOA0000C328.pdf","Panasonic Electronic Components","ERJ-PB3B5101V","","5.1 kOhms ±0.1% 0.2W, 1/5W Chip Resistor 0603 (1608 Metric) Automotive AEC-Q200 Thick Film","15","https://www.digikey.in/en/products/detail/panasonic-electronic-components/ERJ-PB3B5101V/6212835","Digikey","P20052CT-ND"
"R17,R19,R22,R23,R26","5","33R_0.2W_0603","","","","Resistor_SMD:R_0603_1608Metric","https://www.te.com/commerce/DocumentDelivery/DDEController?Action=srchrtrv&DocNm=1773204-1&DocType=DS&DocLang=English","TE Connectivity Passive Product","CRGH0603J33R","","33 Ohms ±5% 0.2W, 1/5W Chip Resistor 0603 (1608 Metric) Automotive AEC-Q200 Thick Film","16","https://www.digikey.in/en/products/detail/te-connectivity-passive-product/CRGH0603J33R/2385319","Digikey","1712-CRGH0603J33RCT-ND"
"R27,R30,R34","3","68R_0.2W_0603","","","","Resistor_SMD:R_0603_1608Metric","https://www.yageogroup.com/content/datasheet/asset/file/PYU-RC_GROUP_51_ROHS_L","YAGEO","RC0603FR-7W68RL","","68 Ohms ±1% 0.2W, 1/5W Chip Resistor 0603 (1608 Metric) Moisture Resistant Thick Film","17","https://www.digikey.in/en/products/detail/yageo/RC0603FR-7W68RL/17027819","Digikey","13-RC0603FR-7W68RLCT-ND"
"S1","1","PEC11R-4120K-S0018","","","","Footprint:XDCR_PEC11R-4120K-S0018","https://www.bourns.com/docs/Product-Datasheets/PEC11R.pdf","Bourns","PEC11R-4120K-S0018","","Rotary Encoder Mechanical 18 Quadrature (Incremental) Vertical","18","https://www.digikey.in/en/products/detail/bourns-inc/PEC11R-4120K-S0018/4699211?s=N4IgTCBcDaIAoFEDCBGFAlAtAFhWADANKYDK%2B%2BKAHCALoC%2BQA","Digikey","PEC11R-4120K-S0018-ND"
"SW1,SW2,SW3,SW4,SW5","5","CherryMX","","","","CherryMX_PCB:CherryMX_1.00u_PCB","https://cherry.saas.contentserv.com/admin/rest/document/30?ContextIDs=22889&Language=1","Cherry Americas LLC","MX2A-E1NA","","Pushbutton Switch SPST-NO Keyswitch, Illuminated Through Hole","19","https://www.digikey.com/en/products/detail/cherry-americas-llc/MX2A-E1NA/21738437","Digikey","1644-MX2A-E1NA-ND"
"SW6,SW7,SW8","3","TL1240YQ2JBLK","","","","Footprint:TL1240YQ","https://configured-product-images.s3.amazonaws.com/Datasheets/TL1240.pdf","E Switch","TL1240YQ2JBLK","","Tactile Switch SPST-NO Top Actuated Through Hole","20","https://www.digikey.in/en/products/detail/e-switch/TL1240YQ2JBLK/1805486?s=N4IgTCBcDaIC4BsCMYAsAGAngRzAKwCMEBrEAXQF8g","Digikey","EG4618-ND"
"U1","1","USBLC6-2SC6","","","","Package_TO_SOT_SMD:SOT-23-6","https://www.st.com/resource/en/datasheet/cd00050750.pdf","STMicroelectronics","USBLC6-2SC6","","17V Clamp 5A (8/20µs) Ipp Tvs Diode Surface Mount SOT-23-6","21","https://www.digikey.in/en/products/detail/stmicroelectronics/USBLC6-2SC6/1040559","Digikey","497-5235-1-ND"
"U2","1","TLV1117LV33DCYR","","","","Footprint:VREG_TLV1117LV33DCYR","https://www.ti.com/general/docs/suppproductinfo.tsp?distId=10&gotoUrl=https%3A%2F%2Fwww.ti.com%2Flit%2Fgpn%2Ftlv1117lv","Texas Instruments","TLV1117LV33DCYR","","Linear Voltage Regulator IC Positive Fixed 1 Output 1A SOT-223-4","22","https://www.digikey.in/en/products/detail/texas-instruments/TLV1117LV33DCYR/2666508?s=N4IgTCBcDaICoBkBqBGNB2ZBmLARAwgJoBKIAugL5A","Digikey","296-28778-1-ND"
"U3","1","MB85RS4MTYPN-GS-AWEWE1","","","","Footprint:DFN8_FUJ-M","https://www.ramxeed.com/assets/images/products/datasheet/FeRAM/s2/MB85RS4MTY-DS3v0-E.pdf","Ramxseed","MB85RS4MTYPF-G-BCE1","","FRAM (Ferroelectric RAM) Memory IC 4Mbit SPI 50 MHz 8-SOP","23","https://www.digikey.in/en/products/detail/ramxeed/MB85RS4MTYPF-G-BCE1/13539969","Digikey","865-MB85RS4MTYPF-G-BCE1-ND"
"U4","1","ESP32-S3-WROOM-1","","","","RF_Module:ESP32-S3-WROOM-1","https://www.espressif.com/sites/default/files/documentation/esp32-s3-wroom-1_wroom-1u_datasheet_en.pdf","Espressif","ESP32-S3-WROOM-1-N16R8","","Bluetooth, WiFi 802.11b/g/n, Bluetooth v5.0 Transceiver Module 2.4GHz PCB Trace Surface Mount","24","https://www.digikey.in/en/products/detail/espressif-systems/ESP32-S3-WROOM-1-N16R8/16162642","Digikey","5407-ESP32-S3-WROOM-1-N16R8CT-ND"
